cluster,SO2,NO2,O3,CO,PM10,PM2.5,Air
0,0.003857,0.0505,0.003357,1.078571,76.571429,65.428571,rate
1,0.004875,0.06,0.003,0.95,88.5,69.25,rate
,,,,,,,
