cluster,SO2,NO2,O3,CO,PM10,PM2.5,Air					
0	0.003400,0.047800,0.003000,1.080000,72.800000,64.200000,rate
1	0.004833,0.059167,0.003333,0.933333,87.500000,69.166667,rate
2	0.004111,0.052000,0.003556,1.077778,78.666667,66.111111,rate
3	0.005000,0.062500,0.002000,1.000000,91.500000,69.500000,rate

